증권사,날짜,텍스트
이베스트투자증권,16.02.01,[Errno 2] No such file or directory: 'rawReport/157_4681.pdf'
현대차증권,16.02.01,[Errno 2] No such file or directory: 'rawReport/157_4682.pdf'
IBK투자증권,16.02.01,[Errno 2] No such file or directory: 'rawReport/157_4683.pdf'
이베스트투자증권,16.01.29,[Errno 2] No such file or directory: 'rawReport/157_4684.pdf'
이베스트투자증권,16.01.29,[Errno 2] No such file or directory: 'rawReport/157_4685.pdf'
이베스트투자증권,16.01.29,[Errno 2] No such file or directory: 'rawReport/157_4686.pdf'
하나증권,16.01.28,[Errno 2] No such file or directory: 'rawReport/157_4687.pdf'
하나증권,16.01.28,[Errno 2] No such file or directory: 'rawReport/157_4688.pdf'
이베스트투자증권,16.01.28,[Errno 2] No such file or directory: 'rawReport/157_4689.pdf'
이베스트투자증권,16.01.28,[Errno 2] No such file or directory: 'rawReport/157_4690.pdf'
이베스트투자증권,16.01.28,[Errno 2] No such file or directory: 'rawReport/157_4691.pdf'
현대차증권,16.01.28,[Errno 2] No such file or directory: 'rawReport/157_4692.pdf'
IBK투자증권,16.01.28,[Errno 2] No such file or directory: 'rawReport/157_4693.pdf'
IBK투자증권,16.01.28,[Errno 2] No such file or directory: 'rawReport/157_4694.pdf'
이베스트투자증권,16.01.27,[Errno 2] No such file or directory: 'rawReport/157_4695.pdf'
이베스트투자증권,16.01.27,[Errno 2] No such file or directory: 'rawReport/157_4696.pdf'
이베스트투자증권,16.01.26,[Errno 2] No such file or directory: 'rawReport/157_4697.pdf'
이베스트투자증권,16.01.26,[Errno 2] No such file or directory: 'rawReport/157_4698.pdf'
IBK투자증권,16.01.26,[Errno 2] No such file or directory: 'rawReport/157_4699.pdf'
이베스트투자증권,16.01.25,[Errno 2] No such file or directory: 'rawReport/157_4700.pdf'
현대차증권,16.01.25,[Errno 2] No such file or directory: 'rawReport/157_4701.pdf'
LIG투자증권,16.01.22,[Errno 2] No such file or directory: 'rawReport/157_4702.pdf'
하나증권,16.01.22,[Errno 2] No such file or directory: 'rawReport/157_4703.pdf'
하나증권,16.01.22,[Errno 2] No such file or directory: 'rawReport/157_4704.pdf'
이베스트투자증권,16.01.22,[Errno 2] No such file or directory: 'rawReport/157_4705.pdf'
이베스트투자증권,16.01.22,[Errno 2] No such file or directory: 'rawReport/157_4706.pdf'
현대차증권,16.01.22,[Errno 2] No such file or directory: 'rawReport/157_4707.pdf'
IBK투자증권,16.01.22,[Errno 2] No such file or directory: 'rawReport/157_4708.pdf'
하나증권,16.01.21,[Errno 2] No such file or directory: 'rawReport/157_4709.pdf'
이베스트투자증권,16.01.21,[Errno 2] No such file or directory: 'rawReport/157_4710.pdf'
